USE recipeapi;

INSERT INTO site_user(site_user_id,username) VALUES (1000,'AdamBlack');
INSERT INTO site_user(site_user_id,username) VALUES (1001,'ClaireDean');
INSERT INTO site_user(site_user_id,username) VALUES (1002,'EdwardFrost');
INSERT INTO site_user(site_user_id,username) VALUES (1003,'GailHowells');

INSERT INTO ingredient(ingredient_id,title,wet,algn_celery,algn_gluten,algn_crust,algn_eggs,algn_fish,algn_lupin,algn_milk,algn_mollusc,algn_mustard,algn_peanut,algn_sesame,algn_soya,algn_sulphite,algn_treenut,vegetarian,vegan) VALUES (2000,'Almond butter',0,0,0,0,0,0,0,0,0,0,0,0,0,0,1,1,1);
INSERT INTO ingredient(ingredient_id,title,wet,algn_celery,algn_gluten,algn_crust,algn_eggs,algn_fish,algn_lupin,algn_milk,algn_mollusc,algn_mustard,algn_peanut,algn_sesame,algn_soya,algn_sulphite,algn_treenut,vegetarian,vegan) VALUES (2001,'Avocado',0,0,0,0,0,0,0,0,0,0,0,0,0,0,0,1,1);
INSERT INTO ingredient(ingredient_id,title,wet,algn_celery,algn_gluten,algn_crust,algn_eggs,algn_fish,algn_lupin,algn_milk,algn_mollusc,algn_mustard,algn_peanut,algn_sesame,algn_soya,algn_sulphite,algn_treenut,vegetarian,vegan) VALUES (2002,'Baby new potatoes',0,0,0,0,0,0,0,0,0,0,0,0,0,0,0,0,0);
INSERT INTO ingredient(ingredient_id,title,wet,algn_celery,algn_gluten,algn_crust,algn_eggs,algn_fish,algn_lupin,algn_milk,algn_mollusc,algn_mustard,algn_peanut,algn_sesame,algn_soya,algn_sulphite,algn_treenut,vegetarian,vegan) VALUES (2003,'Banana',0,0,0,0,0,0,0,0,0,0,0,0,0,0,0,1,1);
INSERT INTO ingredient(ingredient_id,title,wet,algn_celery,algn_gluten,algn_crust,algn_eggs,algn_fish,algn_lupin,algn_milk,algn_mollusc,algn_mustard,algn_peanut,algn_sesame,algn_soya,algn_sulphite,algn_treenut,vegetarian,vegan) VALUES (2004,'Brown crabmeat',0,0,0,1,0,0,0,0,0,0,0,0,0,0,0,0,0);
INSERT INTO ingredient(ingredient_id,title,wet,algn_celery,algn_gluten,algn_crust,algn_eggs,algn_fish,algn_lupin,algn_milk,algn_mollusc,algn_mustard,algn_peanut,algn_sesame,algn_soya,algn_sulphite,algn_treenut,vegetarian,vegan) VALUES (2005,'Carrots',0,0,0,0,0,0,0,0,0,0,0,0,0,0,0,1,1);
INSERT INTO ingredient(ingredient_id,title,wet,algn_celery,algn_gluten,algn_crust,algn_eggs,algn_fish,algn_lupin,algn_milk,algn_mollusc,algn_mustard,algn_peanut,algn_sesame,algn_soya,algn_sulphite,algn_treenut,vegetarian,vegan) VALUES (2006,'Cherry tomato',0,0,0,0,0,0,0,0,0,0,0,0,0,0,0,1,1);
INSERT INTO ingredient(ingredient_id,title,wet,algn_celery,algn_gluten,algn_crust,algn_eggs,algn_fish,algn_lupin,algn_milk,algn_mollusc,algn_mustard,algn_peanut,algn_sesame,algn_soya,algn_sulphite,algn_treenut,vegetarian,vegan) VALUES (2007,'Chia seeds',0,0,0,0,0,0,0,0,0,0,0,0,0,0,0,1,1);
INSERT INTO ingredient(ingredient_id,title,wet,algn_celery,algn_gluten,algn_crust,algn_eggs,algn_fish,algn_lupin,algn_milk,algn_mollusc,algn_mustard,algn_peanut,algn_sesame,algn_soya,algn_sulphite,algn_treenut,vegetarian,vegan) VALUES (2008,'Chicken breast',0,0,0,0,0,0,0,0,0,0,0,0,0,0,0,0,0);
INSERT INTO ingredient(ingredient_id,title,wet,algn_celery,algn_gluten,algn_crust,algn_eggs,algn_fish,algn_lupin,algn_milk,algn_mollusc,algn_mustard,algn_peanut,algn_sesame,algn_soya,algn_sulphite,algn_treenut,vegetarian,vegan) VALUES (2009,'Chicken stock',0,1,1,0,0,0,0,0,0,0,0,0,0,0,0,0,0);
INSERT INTO ingredient(ingredient_id,title,wet,algn_celery,algn_gluten,algn_crust,algn_eggs,algn_fish,algn_lupin,algn_milk,algn_mollusc,algn_mustard,algn_peanut,algn_sesame,algn_soya,algn_sulphite,algn_treenut,vegetarian,vegan) VALUES (2010,'Chilli powder',0,0,0,0,0,0,0,0,0,0,0,0,0,0,0,1,1);
INSERT INTO ingredient(ingredient_id,title,wet,algn_celery,algn_gluten,algn_crust,algn_eggs,algn_fish,algn_lupin,algn_milk,algn_mollusc,algn_mustard,algn_peanut,algn_sesame,algn_soya,algn_sulphite,algn_treenut,vegetarian,vegan) VALUES (2011,'Chipotle paste',0,0,0,0,0,0,0,0,0,0,0,0,0,0,0,1,1);
INSERT INTO ingredient(ingredient_id,title,wet,algn_celery,algn_gluten,algn_crust,algn_eggs,algn_fish,algn_lupin,algn_milk,algn_mollusc,algn_mustard,algn_peanut,algn_sesame,algn_soya,algn_sulphite,algn_treenut,vegetarian,vegan) VALUES (2012,'Cornflour',0,0,1,0,0,0,0,0,0,0,0,0,0,0,0,1,1);
INSERT INTO ingredient(ingredient_id,title,wet,algn_celery,algn_gluten,algn_crust,algn_eggs,algn_fish,algn_lupin,algn_milk,algn_mollusc,algn_mustard,algn_peanut,algn_sesame,algn_soya,algn_sulphite,algn_treenut,vegetarian,vegan) VALUES (2013,'Courgette',0,0,0,0,0,0,0,0,0,0,0,0,0,0,0,1,1);
INSERT INTO ingredient(ingredient_id,title,wet,algn_celery,algn_gluten,algn_crust,algn_eggs,algn_fish,algn_lupin,algn_milk,algn_mollusc,algn_mustard,algn_peanut,algn_sesame,algn_soya,algn_sulphite,algn_treenut,vegetarian,vegan) VALUES (2014,'Cumin seeds',0,0,0,0,0,0,0,0,0,0,0,0,0,0,0,1,1);
INSERT INTO ingredient(ingredient_id,title,wet,algn_celery,algn_gluten,algn_crust,algn_eggs,algn_fish,algn_lupin,algn_milk,algn_mollusc,algn_mustard,algn_peanut,algn_sesame,algn_soya,algn_sulphite,algn_treenut,vegetarian,vegan) VALUES (2015,'Curry powder',0,0,0,0,0,0,0,0,0,0,0,0,0,0,0,1,1);
INSERT INTO ingredient(ingredient_id,title,wet,algn_celery,algn_gluten,algn_crust,algn_eggs,algn_fish,algn_lupin,algn_milk,algn_mollusc,algn_mustard,algn_peanut,algn_sesame,algn_soya,algn_sulphite,algn_treenut,vegetarian,vegan) VALUES (2016,'Egg',0,0,0,0,1,0,0,0,0,0,0,0,0,0,0,1,0);
INSERT INTO ingredient(ingredient_id,title,wet,algn_celery,algn_gluten,algn_crust,algn_eggs,algn_fish,algn_lupin,algn_milk,algn_mollusc,algn_mustard,algn_peanut,algn_sesame,algn_soya,algn_sulphite,algn_treenut,vegetarian,vegan) VALUES (2017,'Frozen raspberries',0,0,0,0,0,0,0,0,0,0,0,0,0,0,0,1,1);
INSERT INTO ingredient(ingredient_id,title,wet,algn_celery,algn_gluten,algn_crust,algn_eggs,algn_fish,algn_lupin,algn_milk,algn_mollusc,algn_mustard,algn_peanut,algn_sesame,algn_soya,algn_sulphite,algn_treenut,vegetarian,vegan) VALUES (2018,'Garlic',0,0,0,0,0,0,0,0,0,0,0,0,0,0,0,1,1);
INSERT INTO ingredient(ingredient_id,title,wet,algn_celery,algn_gluten,algn_crust,algn_eggs,algn_fish,algn_lupin,algn_milk,algn_mollusc,algn_mustard,algn_peanut,algn_sesame,algn_soya,algn_sulphite,algn_treenut,vegetarian,vegan) VALUES (2019,'Goji berries',0,0,0,0,0,0,0,0,0,0,0,0,0,0,0,1,1);
INSERT INTO ingredient(ingredient_id,title,wet,algn_celery,algn_gluten,algn_crust,algn_eggs,algn_fish,algn_lupin,algn_milk,algn_mollusc,algn_mustard,algn_peanut,algn_sesame,algn_soya,algn_sulphite,algn_treenut,vegetarian,vegan) VALUES (2020,'Green pesto',0,0,0,0,0,0,0,1,0,0,0,0,0,0,1,1,1);
INSERT INTO ingredient(ingredient_id,title,wet,algn_celery,algn_gluten,algn_crust,algn_eggs,algn_fish,algn_lupin,algn_milk,algn_mollusc,algn_mustard,algn_peanut,algn_sesame,algn_soya,algn_sulphite,algn_treenut,vegetarian,vegan) VALUES (2021,'Ground coriander',0,0,0,0,0,0,0,0,0,0,0,0,0,0,0,1,1);
INSERT INTO ingredient(ingredient_id,title,wet,algn_celery,algn_gluten,algn_crust,algn_eggs,algn_fish,algn_lupin,algn_milk,algn_mollusc,algn_mustard,algn_peanut,algn_sesame,algn_soya,algn_sulphite,algn_treenut,vegetarian,vegan) VALUES (2022,'Ground ginger',0,0,0,0,0,0,0,0,0,0,0,0,0,0,0,1,1);
INSERT INTO ingredient(ingredient_id,title,wet,algn_celery,algn_gluten,algn_crust,algn_eggs,algn_fish,algn_lupin,algn_milk,algn_mollusc,algn_mustard,algn_peanut,algn_sesame,algn_soya,algn_sulphite,algn_treenut,vegetarian,vegan) VALUES (2023,'Hoisin sauce',0,0,1,0,0,0,0,0,0,0,0,0,1,0,0,1,1);
INSERT INTO ingredient(ingredient_id,title,wet,algn_celery,algn_gluten,algn_crust,algn_eggs,algn_fish,algn_lupin,algn_milk,algn_mollusc,algn_mustard,algn_peanut,algn_sesame,algn_soya,algn_sulphite,algn_treenut,vegetarian,vegan) VALUES (2024,'Kale',0,0,0,0,0,0,0,0,0,0,0,0,0,0,0,1,1);
INSERT INTO ingredient(ingredient_id,title,wet,algn_celery,algn_gluten,algn_crust,algn_eggs,algn_fish,algn_lupin,algn_milk,algn_mollusc,algn_mustard,algn_peanut,algn_sesame,algn_soya,algn_sulphite,algn_treenut,vegetarian,vegan) VALUES (2025,'Lemon',0,0,0,0,0,0,0,0,0,0,0,0,0,0,0,1,1);
INSERT INTO ingredient(ingredient_id,title,wet,algn_celery,algn_gluten,algn_crust,algn_eggs,algn_fish,algn_lupin,algn_milk,algn_mollusc,algn_mustard,algn_peanut,algn_sesame,algn_soya,algn_sulphite,algn_treenut,vegetarian,vegan) VALUES (2026,'Lemon juice',0,0,0,0,0,0,0,0,0,0,0,0,0,0,0,1,1);
INSERT INTO ingredient(ingredient_id,title,wet,algn_celery,algn_gluten,algn_crust,algn_eggs,algn_fish,algn_lupin,algn_milk,algn_mollusc,algn_mustard,algn_peanut,algn_sesame,algn_soya,algn_sulphite,algn_treenut,vegetarian,vegan) VALUES (2027,'Lime',0,0,0,0,0,0,0,0,0,0,0,0,0,0,0,1,1);
INSERT INTO ingredient(ingredient_id,title,wet,algn_celery,algn_gluten,algn_crust,algn_eggs,algn_fish,algn_lupin,algn_milk,algn_mollusc,algn_mustard,algn_peanut,algn_sesame,algn_soya,algn_sulphite,algn_treenut,vegetarian,vegan) VALUES (2028,'Linguine',0,0,1,0,1,0,0,1,0,0,0,0,0,0,0,1,0);
INSERT INTO ingredient(ingredient_id,title,wet,algn_celery,algn_gluten,algn_crust,algn_eggs,algn_fish,algn_lupin,algn_milk,algn_mollusc,algn_mustard,algn_peanut,algn_sesame,algn_soya,algn_sulphite,algn_treenut,vegetarian,vegan) VALUES (2029,'Milk',0,0,0,0,0,0,0,1,0,0,0,0,0,0,0,1,0);
INSERT INTO ingredient(ingredient_id,title,wet,algn_celery,algn_gluten,algn_crust,algn_eggs,algn_fish,algn_lupin,algn_milk,algn_mollusc,algn_mustard,algn_peanut,algn_sesame,algn_soya,algn_sulphite,algn_treenut,vegetarian,vegan) VALUES (2030,'Olive oil',0,0,0,0,0,0,0,0,0,0,0,0,0,0,0,1,1);
INSERT INTO ingredient(ingredient_id,title,wet,algn_celery,algn_gluten,algn_crust,algn_eggs,algn_fish,algn_lupin,algn_milk,algn_mollusc,algn_mustard,algn_peanut,algn_sesame,algn_soya,algn_sulphite,algn_treenut,vegetarian,vegan) VALUES (2031,'Onion',0,0,0,0,0,0,0,0,0,0,0,0,0,0,0,1,1);
INSERT INTO ingredient(ingredient_id,title,wet,algn_celery,algn_gluten,algn_crust,algn_eggs,algn_fish,algn_lupin,algn_milk,algn_mollusc,algn_mustard,algn_peanut,algn_sesame,algn_soya,algn_sulphite,algn_treenut,vegetarian,vegan) VALUES (2032,'Orange',0,0,0,0,0,0,0,0,0,0,0,0,0,0,0,1,1);
INSERT INTO ingredient(ingredient_id,title,wet,algn_celery,algn_gluten,algn_crust,algn_eggs,algn_fish,algn_lupin,algn_milk,algn_mollusc,algn_mustard,algn_peanut,algn_sesame,algn_soya,algn_sulphite,algn_treenut,vegetarian,vegan) VALUES (2033,'Parsley',0,0,0,0,0,0,0,0,0,0,0,0,0,0,0,1,1);
INSERT INTO ingredient(ingredient_id,title,wet,algn_celery,algn_gluten,algn_crust,algn_eggs,algn_fish,algn_lupin,algn_milk,algn_mollusc,algn_mustard,algn_peanut,algn_sesame,algn_soya,algn_sulphite,algn_treenut,vegetarian,vegan) VALUES (2034,'Peas',0,0,0,0,0,0,0,0,0,0,0,0,0,0,0,1,1);
INSERT INTO ingredient(ingredient_id,title,wet,algn_celery,algn_gluten,algn_crust,algn_eggs,algn_fish,algn_lupin,algn_milk,algn_mollusc,algn_mustard,algn_peanut,algn_sesame,algn_soya,algn_sulphite,algn_treenut,vegetarian,vegan) VALUES (2035,'Penne',0,0,1,0,1,0,0,1,0,0,0,0,0,0,0,1,0);
INSERT INTO ingredient(ingredient_id,title,wet,algn_celery,algn_gluten,algn_crust,algn_eggs,algn_fish,algn_lupin,algn_milk,algn_mollusc,algn_mustard,algn_peanut,algn_sesame,algn_soya,algn_sulphite,algn_treenut,vegetarian,vegan) VALUES (2036,'Pine nuts',0,0,0,0,0,0,0,0,0,0,0,0,0,0,1,1,1);
INSERT INTO ingredient(ingredient_id,title,wet,algn_celery,algn_gluten,algn_crust,algn_eggs,algn_fish,algn_lupin,algn_milk,algn_mollusc,algn_mustard,algn_peanut,algn_sesame,algn_soya,algn_sulphite,algn_treenut,vegetarian,vegan) VALUES (2037,'Porridge oats',0,0,0,0,0,0,0,0,0,0,0,0,0,0,0,1,1);
INSERT INTO ingredient(ingredient_id,title,wet,algn_celery,algn_gluten,algn_crust,algn_eggs,algn_fish,algn_lupin,algn_milk,algn_mollusc,algn_mustard,algn_peanut,algn_sesame,algn_soya,algn_sulphite,algn_treenut,vegetarian,vegan) VALUES (2038,'Rapeseed oil',0,0,0,0,0,0,0,0,0,0,0,0,0,0,0,1,1);
INSERT INTO ingredient(ingredient_id,title,wet,algn_celery,algn_gluten,algn_crust,algn_eggs,algn_fish,algn_lupin,algn_milk,algn_mollusc,algn_mustard,algn_peanut,algn_sesame,algn_soya,algn_sulphite,algn_treenut,vegetarian,vegan) VALUES (2039,'Red chilli',0,0,0,0,0,0,0,0,0,0,0,0,0,0,0,1,1);
INSERT INTO ingredient(ingredient_id,title,wet,algn_celery,algn_gluten,algn_crust,algn_eggs,algn_fish,algn_lupin,algn_milk,algn_mollusc,algn_mustard,algn_peanut,algn_sesame,algn_soya,algn_sulphite,algn_treenut,vegetarian,vegan) VALUES (2040,'Red pepper',0,0,0,0,0,0,0,0,0,0,0,0,0,0,0,1,1);
INSERT INTO ingredient(ingredient_id,title,wet,algn_celery,algn_gluten,algn_crust,algn_eggs,algn_fish,algn_lupin,algn_milk,algn_mollusc,algn_mustard,algn_peanut,algn_sesame,algn_soya,algn_sulphite,algn_treenut,vegetarian,vegan) VALUES (2041,'Salmon fillets',0,0,0,0,0,1,0,0,0,0,0,0,0,0,0,0,0);
INSERT INTO ingredient(ingredient_id,title,wet,algn_celery,algn_gluten,algn_crust,algn_eggs,algn_fish,algn_lupin,algn_milk,algn_mollusc,algn_mustard,algn_peanut,algn_sesame,algn_soya,algn_sulphite,algn_treenut,vegetarian,vegan) VALUES (2042,'Soy sauce',0,0,0,0,0,0,0,0,0,0,0,0,1,0,0,1,1);
INSERT INTO ingredient(ingredient_id,title,wet,algn_celery,algn_gluten,algn_crust,algn_eggs,algn_fish,algn_lupin,algn_milk,algn_mollusc,algn_mustard,algn_peanut,algn_sesame,algn_soya,algn_sulphite,algn_treenut,vegetarian,vegan) VALUES (2043,'Spring onion',0,0,0,0,0,0,0,0,0,0,0,0,0,0,0,1,1);
INSERT INTO ingredient(ingredient_id,title,wet,algn_celery,algn_gluten,algn_crust,algn_eggs,algn_fish,algn_lupin,algn_milk,algn_mollusc,algn_mustard,algn_peanut,algn_sesame,algn_soya,algn_sulphite,algn_treenut,vegetarian,vegan) VALUES (2044,'Sugar',0,0,0,0,0,0,0,0,0,0,0,0,0,0,0,1,1);
INSERT INTO ingredient(ingredient_id,title,wet,algn_celery,algn_gluten,algn_crust,algn_eggs,algn_fish,algn_lupin,algn_milk,algn_mollusc,algn_mustard,algn_peanut,algn_sesame,algn_soya,algn_sulphite,algn_treenut,vegetarian,vegan) VALUES (2045,'Sweetcorn',0,0,0,0,0,0,0,0,0,0,0,0,0,0,0,1,1);
INSERT INTO ingredient(ingredient_id,title,wet,algn_celery,algn_gluten,algn_crust,algn_eggs,algn_fish,algn_lupin,algn_milk,algn_mollusc,algn_mustard,algn_peanut,algn_sesame,algn_soya,algn_sulphite,algn_treenut,vegetarian,vegan) VALUES (2046,'Tinned chopped tomatoes',0,0,0,0,0,0,0,0,0,0,0,0,0,0,0,1,1);
INSERT INTO ingredient(ingredient_id,title,wet,algn_celery,algn_gluten,algn_crust,algn_eggs,algn_fish,algn_lupin,algn_milk,algn_mollusc,algn_mustard,algn_peanut,algn_sesame,algn_soya,algn_sulphite,algn_treenut,vegetarian,vegan) VALUES (2047,'Tortilla wrap',0,0,1,0,1,0,0,0,0,0,0,0,0,0,0,1,1);
INSERT INTO ingredient(ingredient_id,title,wet,algn_celery,algn_gluten,algn_crust,algn_eggs,algn_fish,algn_lupin,algn_milk,algn_mollusc,algn_mustard,algn_peanut,algn_sesame,algn_soya,algn_sulphite,algn_treenut,vegetarian,vegan) VALUES (2048,'Turmeric',0,0,0,0,0,0,0,0,0,0,0,0,0,0,0,1,1);
INSERT INTO ingredient(ingredient_id,title,wet,algn_celery,algn_gluten,algn_crust,algn_eggs,algn_fish,algn_lupin,algn_milk,algn_mollusc,algn_mustard,algn_peanut,algn_sesame,algn_soya,algn_sulphite,algn_treenut,vegetarian,vegan) VALUES (2049,'Vegetable bouillon powder',0,1,0,0,0,0,0,0,0,0,0,0,0,0,0,1,1);
INSERT INTO ingredient(ingredient_id,title,wet,algn_celery,algn_gluten,algn_crust,algn_eggs,algn_fish,algn_lupin,algn_milk,algn_mollusc,algn_mustard,algn_peanut,algn_sesame,algn_soya,algn_sulphite,algn_treenut,vegetarian,vegan) VALUES (2050,'White basmati rice',0,0,0,0,0,0,0,0,0,0,0,0,0,0,0,1,1);
INSERT INTO ingredient(ingredient_id,title,wet,algn_celery,algn_gluten,algn_crust,algn_eggs,algn_fish,algn_lupin,algn_milk,algn_mollusc,algn_mustard,algn_peanut,algn_sesame,algn_soya,algn_sulphite,algn_treenut,vegetarian,vegan) VALUES (2051,'White crabmeat',0,0,0,1,0,0,0,0,0,0,0,0,0,0,0,0,0);
INSERT INTO ingredient(ingredient_id,title,wet,algn_celery,algn_gluten,algn_crust,algn_eggs,algn_fish,algn_lupin,algn_milk,algn_mollusc,algn_mustard,algn_peanut,algn_sesame,algn_soya,algn_sulphite,algn_treenut,vegetarian,vegan) VALUES (2052,'White wine',0,0,0,0,0,0,0,0,0,0,0,0,0,1,0,1,1);

INSERT INTO recipe(recipe_id,title,method) VALUES (3000,'Chinese Chicken Curry','Serves 2. Toss the chicken pieces in the cornflour and season well. Set them aside. Fry the onion in half of the oil in a wok on a low to medium heat, until it softens – about 5-6 minutes – then add the garlic and cook for a minute. Stir in the spices and sugar and cook for another minute, then add the stock and soy sauce, bring to a simmer and cook for 20 minutes. Tip everything into a blender and blitz until smooth. Wipe out the pan and fry the chicken in the remaining oil until it is browned all over. Tip the sauce back into the pan and bring everything to a simmer, stir in the peas and cook for 5 minutes. Add a little water if you need to thin the sauce. Serve with rice.');
INSERT INTO recipe(recipe_id,title,method) VALUES (3001,'Salmon Pesto Traybake','Serves 2. Boil the potatoes for 10 mins until tender, then drain. Heat oven to 200C/180C fan/gas 6. Toss the potatoes in the oil, then transfer to a baking tray. Roast for 20 mins. Push the potatoes to one side and put the courgette, pepper, spring onion and pine nuts down the middle of the tray. Put the salmon on the other side. Squeeze lemon juice over the fillets and the vegetables (not including the potatoes). Season everything with pepper. Spread each of the salmon fillets with pesto and return the tray to the oven for 12-15 mins until everything is cooked through.');
INSERT INTO recipe(recipe_id,title,method) VALUES (3002,'Chicken and Veg Bowl','Serves 2. Cook the rice following pack instructions, then drain and return to the pan to keep warm. Heat the oil in a frying pan or wok, add the garlic and fry for 2 mins or until golden. Tip in the chicken and fry until the pieces are cooked through, then stir in the hoisin sauce, season and continue cooking for a further 2 mins. Cook the edamame beans and sweetcorn in simmering water for 2 mins, then drain. Divide the rice between four bowls and top with the chicken slices in a strip down the middle, with the carrot, red pepper, beans or peas, sweetcorn and avocado down either side. Serve with the lemon to squeeze over, if you like.');
INSERT INTO recipe(recipe_id,title,method) VALUES (3003,'Breakfast Burrito','Serves 2. Whisk the chipotle paste with the egg and some seasoning in a jug. Heat the oil in a large frying pan, add the kale and tomatoes. Cook until the kale is wilted and the tomatoes have softened, then push everything to the side of the pan. Pour the beaten egg into the cleared half of the pan and scramble. Layer everything into the centre of your wrap, topping with the avocado, then wrap up and eat immediately.');
INSERT INTO recipe(recipe_id,title,method) VALUES (3004,'Healthy Porridge Bowl','Serves 2. Tip half the raspberries and all of the orange juice in a pan. Simmer until the raspberries soften, about 5 mins. Meanwhile stir the oats, milk and 450ml water in a pan over a low heat until creamy. Top with the raspberry compote, remaining raspberries, orange slices, banana, almond butter, goji berries and chia seeds.');
INSERT INTO recipe(recipe_id,title,method) VALUES (3005,'Tomato Penne with Avocado','Serves 2. Cook the pasta in salted water for 10-12 mins until al dente. Meanwhile, heat the oil in a medium pan. Add the sliced onion and pepper and fry, stirring frequently for 10 mins until golden. Stir in the garlic and spices, then tip in the tomatoes, half a can of water, the corn and bouillon. Cover and simmer for 15 mins. Meanwhile, toss the avocado with the lime juice and zest, and the finely chopped onion. Drain the penne and toss into the sauce with the coriander. Spoon the pasta into bowls, top with the avocado and scatter over the coriander leaves.');
INSERT INTO recipe(recipe_id,title,method) VALUES (3006,'Crab Linguine with Chilli and Parsley','Serves 2. Bring a large pan of salted water to the boil and add the linguine. Give it a good stir and boil for 1 min less than the pack says. Stir well occasionally so it doesn’t stick. While the pasta cooks, gently heat 3 tbsp of olive oil with the chilli and garlic in a pan large enough to hold all the pasta comfortably. Cook the chilli and garlic very gently until they start to sizzle, then turn up the heat and add the white wine. Simmer everything until the wine and olive oil come together. Then take off the heat and add the brown crabmeat, using a wooden spatula or spoon to mash it into the olive oil to make a thick sauce. When the pasta has had its cooking time, taste a strand – it should have a very slight bite. When it’s ready, turn off the heat. Place the sauce on a very low heat and use a pair of kitchen tongs to lift the pasta from the water into the sauce. Off the heat, add the white crabmeat and parsley to the pasta with a sprinkling of sea salt. Stir everything together really well, adding a drop of pasta water if it’s starting to get claggy. Taste for seasoning and, if it needs a slight lift, add a small squeeze of lemon. Serve immediately twirled into pasta bowls and drizzled with the remaining oil.');

INSERT INTO recipe_ingredient(recipe_ingredient_id,recipe_id,ingredient_id,quantity) VALUES (4000,3000,2008,350);
INSERT INTO recipe_ingredient(recipe_ingredient_id,recipe_id,ingredient_id,quantity) VALUES (4001,3000,2012,5);
INSERT INTO recipe_ingredient(recipe_ingredient_id,recipe_id,ingredient_id,quantity) VALUES (4002,3000,2031,88);
INSERT INTO recipe_ingredient(recipe_ingredient_id,recipe_id,ingredient_id,quantity) VALUES (4003,3000,2038,15);
INSERT INTO recipe_ingredient(recipe_ingredient_id,recipe_id,ingredient_id,quantity) VALUES (4004,3000,2018,5);
INSERT INTO recipe_ingredient(recipe_ingredient_id,recipe_id,ingredient_id,quantity) VALUES (4005,3000,2015,5);
INSERT INTO recipe_ingredient(recipe_ingredient_id,recipe_id,ingredient_id,quantity) VALUES (4006,3000,2048,3);
INSERT INTO recipe_ingredient(recipe_ingredient_id,recipe_id,ingredient_id,quantity) VALUES (4007,3000,2022,2);
INSERT INTO recipe_ingredient(recipe_ingredient_id,recipe_id,ingredient_id,quantity) VALUES (4008,3000,2044,1);
INSERT INTO recipe_ingredient(recipe_ingredient_id,recipe_id,ingredient_id,quantity) VALUES (4009,3000,2009,200);
INSERT INTO recipe_ingredient(recipe_ingredient_id,recipe_id,ingredient_id,quantity) VALUES (4010,3000,2042,3);
INSERT INTO recipe_ingredient(recipe_ingredient_id,recipe_id,ingredient_id,quantity) VALUES (4011,3000,2034,50);
INSERT INTO recipe_ingredient(recipe_ingredient_id,recipe_id,ingredient_id,quantity) VALUES (4012,3000,2050,150);
INSERT INTO recipe_ingredient(recipe_ingredient_id,recipe_id,ingredient_id,quantity) VALUES (4013,3001,2002,250);
INSERT INTO recipe_ingredient(recipe_ingredient_id,recipe_id,ingredient_id,quantity) VALUES (4014,3001,2030,3);
INSERT INTO recipe_ingredient(recipe_ingredient_id,recipe_id,ingredient_id,quantity) VALUES (4015,3001,2013,200);
INSERT INTO recipe_ingredient(recipe_ingredient_id,recipe_id,ingredient_id,quantity) VALUES (4016,3001,2040,75);
INSERT INTO recipe_ingredient(recipe_ingredient_id,recipe_id,ingredient_id,quantity) VALUES (4017,3001,2043,10);
INSERT INTO recipe_ingredient(recipe_ingredient_id,recipe_id,ingredient_id,quantity) VALUES (4018,3001,2036,13);
INSERT INTO recipe_ingredient(recipe_ingredient_id,recipe_id,ingredient_id,quantity) VALUES (4019,3001,2041,400);
INSERT INTO recipe_ingredient(recipe_ingredient_id,recipe_id,ingredient_id,quantity) VALUES (4020,3001,2026,15);
INSERT INTO recipe_ingredient(recipe_ingredient_id,recipe_id,ingredient_id,quantity) VALUES (4021,3001,2020,15);
INSERT INTO recipe_ingredient(recipe_ingredient_id,recipe_id,ingredient_id,quantity) VALUES (4022,3002,2050,125);
INSERT INTO recipe_ingredient(recipe_ingredient_id,recipe_id,ingredient_id,quantity) VALUES (4023,3002,2038,8);
INSERT INTO recipe_ingredient(recipe_ingredient_id,recipe_id,ingredient_id,quantity) VALUES (4024,3002,2018,5);
INSERT INTO recipe_ingredient(recipe_ingredient_id,recipe_id,ingredient_id,quantity) VALUES (4025,3002,2008,350);
INSERT INTO recipe_ingredient(recipe_ingredient_id,recipe_id,ingredient_id,quantity) VALUES (4026,3002,2023,15);
INSERT INTO recipe_ingredient(recipe_ingredient_id,recipe_id,ingredient_id,quantity) VALUES (4027,3002,2034,50);
INSERT INTO recipe_ingredient(recipe_ingredient_id,recipe_id,ingredient_id,quantity) VALUES (4028,3002,2045,50);
INSERT INTO recipe_ingredient(recipe_ingredient_id,recipe_id,ingredient_id,quantity) VALUES (4029,3002,2005,50);
INSERT INTO recipe_ingredient(recipe_ingredient_id,recipe_id,ingredient_id,quantity) VALUES (4030,3002,2040,50);
INSERT INTO recipe_ingredient(recipe_ingredient_id,recipe_id,ingredient_id,quantity) VALUES (4031,3002,2001,75);
INSERT INTO recipe_ingredient(recipe_ingredient_id,recipe_id,ingredient_id,quantity) VALUES (4032,3002,2025,40);
INSERT INTO recipe_ingredient(recipe_ingredient_id,recipe_id,ingredient_id,quantity) VALUES (4033,3003,2011,10);
INSERT INTO recipe_ingredient(recipe_ingredient_id,recipe_id,ingredient_id,quantity) VALUES (4034,3003,2016,200);
INSERT INTO recipe_ingredient(recipe_ingredient_id,recipe_id,ingredient_id,quantity) VALUES (4035,3003,2038,10);
INSERT INTO recipe_ingredient(recipe_ingredient_id,recipe_id,ingredient_id,quantity) VALUES (4036,3003,2024,100);
INSERT INTO recipe_ingredient(recipe_ingredient_id,recipe_id,ingredient_id,quantity) VALUES (4037,3003,2006,250);
INSERT INTO recipe_ingredient(recipe_ingredient_id,recipe_id,ingredient_id,quantity) VALUES (4038,3003,2001,150);
INSERT INTO recipe_ingredient(recipe_ingredient_id,recipe_id,ingredient_id,quantity) VALUES (4039,3003,2047,130);
INSERT INTO recipe_ingredient(recipe_ingredient_id,recipe_id,ingredient_id,quantity) VALUES (4040,3004,2017,100);
INSERT INTO recipe_ingredient(recipe_ingredient_id,recipe_id,ingredient_id,quantity) VALUES (4041,3004,2032,180);
INSERT INTO recipe_ingredient(recipe_ingredient_id,recipe_id,ingredient_id,quantity) VALUES (4042,3004,2037,150);
INSERT INTO recipe_ingredient(recipe_ingredient_id,recipe_id,ingredient_id,quantity) VALUES (4043,3004,2029,100);
INSERT INTO recipe_ingredient(recipe_ingredient_id,recipe_id,ingredient_id,quantity) VALUES (4044,3004,2003,60);
INSERT INTO recipe_ingredient(recipe_ingredient_id,recipe_id,ingredient_id,quantity) VALUES (4045,3004,2000,30);
INSERT INTO recipe_ingredient(recipe_ingredient_id,recipe_id,ingredient_id,quantity) VALUES (4046,3004,2019,15);
INSERT INTO recipe_ingredient(recipe_ingredient_id,recipe_id,ingredient_id,quantity) VALUES (4047,3004,2007,15);
INSERT INTO recipe_ingredient(recipe_ingredient_id,recipe_id,ingredient_id,quantity) VALUES (4048,3005,2035,100);
INSERT INTO recipe_ingredient(recipe_ingredient_id,recipe_id,ingredient_id,quantity) VALUES (4049,3005,2038,5);
INSERT INTO recipe_ingredient(recipe_ingredient_id,recipe_id,ingredient_id,quantity) VALUES (4050,3005,2031,175);
INSERT INTO recipe_ingredient(recipe_ingredient_id,recipe_id,ingredient_id,quantity) VALUES (4051,3005,2040,50);
INSERT INTO recipe_ingredient(recipe_ingredient_id,recipe_id,ingredient_id,quantity) VALUES (4052,3005,2018,10);
INSERT INTO recipe_ingredient(recipe_ingredient_id,recipe_id,ingredient_id,quantity) VALUES (4053,3005,2010,5);
INSERT INTO recipe_ingredient(recipe_ingredient_id,recipe_id,ingredient_id,quantity) VALUES (4054,3005,2021,5);
INSERT INTO recipe_ingredient(recipe_ingredient_id,recipe_id,ingredient_id,quantity) VALUES (4055,3005,2014,2);
INSERT INTO recipe_ingredient(recipe_ingredient_id,recipe_id,ingredient_id,quantity) VALUES (4056,3005,2046,400);
INSERT INTO recipe_ingredient(recipe_ingredient_id,recipe_id,ingredient_id,quantity) VALUES (4057,3005,2045,200);
INSERT INTO recipe_ingredient(recipe_ingredient_id,recipe_id,ingredient_id,quantity) VALUES (4058,3005,2049,5);
INSERT INTO recipe_ingredient(recipe_ingredient_id,recipe_id,ingredient_id,quantity) VALUES (4059,3005,2001,150);
INSERT INTO recipe_ingredient(recipe_ingredient_id,recipe_id,ingredient_id,quantity) VALUES (4060,3005,2027,40);
INSERT INTO recipe_ingredient(recipe_ingredient_id,recipe_id,ingredient_id,quantity) VALUES (4061,3006,2028,200);
INSERT INTO recipe_ingredient(recipe_ingredient_id,recipe_id,ingredient_id,quantity) VALUES (4062,3006,2030,30);
INSERT INTO recipe_ingredient(recipe_ingredient_id,recipe_id,ingredient_id,quantity) VALUES (4063,3006,2039,3);
INSERT INTO recipe_ingredient(recipe_ingredient_id,recipe_id,ingredient_id,quantity) VALUES (4064,3006,2018,5);
INSERT INTO recipe_ingredient(recipe_ingredient_id,recipe_id,ingredient_id,quantity) VALUES (4065,3006,2004,50);
INSERT INTO recipe_ingredient(recipe_ingredient_id,recipe_id,ingredient_id,quantity) VALUES (4066,3006,2051,100);
INSERT INTO recipe_ingredient(recipe_ingredient_id,recipe_id,ingredient_id,quantity) VALUES (4067,3006,2052,40);
INSERT INTO recipe_ingredient(recipe_ingredient_id,recipe_id,ingredient_id,quantity) VALUES (4068,3006,2026,5);
INSERT INTO recipe_ingredient(recipe_ingredient_id,recipe_id,ingredient_id,quantity) VALUES (4069,3006,2033,25);

INSERT INTO meal(meal_id,date_placed,recipe_id,site_user_id) VALUES (5000,'2021-12-06 06:00:00',3003,1000);
INSERT INTO meal(meal_id,date_placed,recipe_id,site_user_id) VALUES (5001,'2021-12-06 12:00:00',3000,1000);
INSERT INTO meal(meal_id,date_placed,recipe_id,site_user_id) VALUES (5002,'2021-12-06 18:00:00',3001,1000);
INSERT INTO meal(meal_id,date_placed,recipe_id,site_user_id) VALUES (5003,'2021-12-07 06:00:00',3004,1000);
INSERT INTO meal(meal_id,date_placed,recipe_id,site_user_id) VALUES (5004,'2021-12-07 12:00:00',3002,1000);
INSERT INTO meal(meal_id,date_placed,recipe_id,site_user_id) VALUES (5005,'2021-12-07 18:00:00',3005,1000);
INSERT INTO meal(meal_id,date_placed,recipe_id,site_user_id) VALUES (5006,'2021-12-08 06:00:00',3003,1000);
INSERT INTO meal(meal_id,date_placed,recipe_id,site_user_id) VALUES (5007,'2021-12-08 12:00:00',3006,1000);
INSERT INTO meal(meal_id,date_placed,recipe_id,site_user_id) VALUES (5008,'2021-12-08 18:00:00',3000,1000);
INSERT INTO meal(meal_id,date_placed,recipe_id,site_user_id) VALUES (5009,'2021-12-09 06:00:00',3004,1000);
INSERT INTO meal(meal_id,date_placed,recipe_id,site_user_id) VALUES (5010,'2021-12-09 12:00:00',3001,1000);
INSERT INTO meal(meal_id,date_placed,recipe_id,site_user_id) VALUES (5011,'2021-12-09 18:00:00',3002,1000);
INSERT INTO meal(meal_id,date_placed,recipe_id,site_user_id) VALUES (5012,'2021-12-10 06:00:00',3003,1000);
INSERT INTO meal(meal_id,date_placed,recipe_id,site_user_id) VALUES (5013,'2021-12-10 12:00:00',3005,1000);
INSERT INTO meal(meal_id,date_placed,recipe_id,site_user_id) VALUES (5014,'2021-12-10 18:00:00',3006,1000);
INSERT INTO meal(meal_id,date_placed,recipe_id,site_user_id) VALUES (5015,'2021-12-11 06:00:00',3004,1000);
INSERT INTO meal(meal_id,date_placed,recipe_id,site_user_id) VALUES (5016,'2021-12-11 12:00:00',3000,1000);
INSERT INTO meal(meal_id,date_placed,recipe_id,site_user_id) VALUES (5017,'2021-12-11 18:00:00',3001,1000);
INSERT INTO meal(meal_id,date_placed,recipe_id,site_user_id) VALUES (5018,'2021-12-12 06:00:00',3003,1000);
INSERT INTO meal(meal_id,date_placed,recipe_id,site_user_id) VALUES (5019,'2021-12-12 12:00:00',3002,1000);
INSERT INTO meal(meal_id,date_placed,recipe_id,site_user_id) VALUES (5020,'2021-12-12 18:00:00',3005,1000);

INSERT INTO shoplist(shoplist_id,site_user_id) VALUES (6000,1000);

INSERT INTO shoplist_meal(shoplist_meal_id,shoplist_id,meal_id) VALUES (7000,6000,5000);
INSERT INTO shoplist_meal(shoplist_meal_id,shoplist_id,meal_id) VALUES (7001,6000,5001);
INSERT INTO shoplist_meal(shoplist_meal_id,shoplist_id,meal_id) VALUES (7002,6000,5002);
INSERT INTO shoplist_meal(shoplist_meal_id,shoplist_id,meal_id) VALUES (7003,6000,5003);
INSERT INTO shoplist_meal(shoplist_meal_id,shoplist_id,meal_id) VALUES (7004,6000,5004);
INSERT INTO shoplist_meal(shoplist_meal_id,shoplist_id,meal_id) VALUES (7005,6000,5005);
INSERT INTO shoplist_meal(shoplist_meal_id,shoplist_id,meal_id) VALUES (7006,6000,5006);
INSERT INTO shoplist_meal(shoplist_meal_id,shoplist_id,meal_id) VALUES (7007,6000,5007);
INSERT INTO shoplist_meal(shoplist_meal_id,shoplist_id,meal_id) VALUES (7008,6000,5008);
INSERT INTO shoplist_meal(shoplist_meal_id,shoplist_id,meal_id) VALUES (7009,6000,5009);
INSERT INTO shoplist_meal(shoplist_meal_id,shoplist_id,meal_id) VALUES (7010,6000,5010);
INSERT INTO shoplist_meal(shoplist_meal_id,shoplist_id,meal_id) VALUES (7011,6000,5011);
INSERT INTO shoplist_meal(shoplist_meal_id,shoplist_id,meal_id) VALUES (7012,6000,5012);
INSERT INTO shoplist_meal(shoplist_meal_id,shoplist_id,meal_id) VALUES (7013,6000,5013);
INSERT INTO shoplist_meal(shoplist_meal_id,shoplist_id,meal_id) VALUES (7014,6000,5014);
INSERT INTO shoplist_meal(shoplist_meal_id,shoplist_id,meal_id) VALUES (7015,6000,5015);
INSERT INTO shoplist_meal(shoplist_meal_id,shoplist_id,meal_id) VALUES (7016,6000,5016);
INSERT INTO shoplist_meal(shoplist_meal_id,shoplist_id,meal_id) VALUES (7017,6000,5017);
INSERT INTO shoplist_meal(shoplist_meal_id,shoplist_id,meal_id) VALUES (7018,6000,5018);
INSERT INTO shoplist_meal(shoplist_meal_id,shoplist_id,meal_id) VALUES (7019,6000,5019);
INSERT INTO shoplist_meal(shoplist_meal_id,shoplist_id,meal_id) VALUES (7020,6000,5020);
